<?xml version="1.0" encoding="UTF-8" standalone="no"?>
<feature id="org.wso2.carbon.identity.tenant.resource.manager" label="WSO2 Carbon - Identity Tenant Resource Manager Feature" provider-name="%providerName" version="1.8.39">
  <description>This feature contains the bundles required for Tenant Resource Managing functionality</description>
  <copyright>%copyright</copyright>
  <license url="%licenseURL">%license</license>
  <plugin id="org.wso2.carbon.identity.tenant.resource.manager" unpack="false" version="1.8.39"/>
  <require>
    <import feature="org.wso2.carbon.identity.configuration.mgt.core" match="compatible" version="5.25.98"/>
  </require>
</feature>
