<?xml version="1.0" encoding="UTF-8" standalone="no"?>
<feature id="org.wso2.carbon.identity.multi.attribute.login.service.server" label="WSO2 Carbon - Multi Attribute Login Feature" provider-name="%providerName" version="1.8.39">
  <description>This feature contains the core bundles required for multi attribute login service</description>
  <copyright>%copyright</copyright>
  <license url="%licenseURL">%license</license>
  <plugin id="org.wso2.carbon.identity.multi.attribute.login.resolver.regex" unpack="false" version="1.8.39"/>
  <plugin id="org.wso2.carbon.identity.multi.attribute.login.service" unpack="false" version="1.8.39"/>
</feature>
