<?xml version="1.0" encoding="UTF-8" standalone="no"?>
<feature id="org.wso2.carbon.identity.recovery.ui" label="WSO2 Carbon - Identity Recovery UI Feature" provider-name="%providerName" version="1.8.39">
  <description>This feature contains the bundles required for Front-end Identity Recovery functionality</description>
  <copyright>%copyright</copyright>
  <license url="%licenseURL">%license</license>
  <plugin id="org.wso2.carbon.identity.recovery.stub" unpack="false" version="1.8.39"/>
  <plugin id="org.wso2.carbon.identity.recovery.ui" unpack="false" version="1.8.39"/>
</feature>
