<?xml version="1.0" encoding="UTF-8" standalone="no"?>
<feature id="org.wso2.carbon.identity.user.server" label="WSO2 Carbon - Identity User Feature" provider-name="%providerName" version="1.8.39">
  <description>This feature contains the core bundles required for Back-end Identity User
        functionality</description>
  <copyright>%copyright</copyright>
  <license url="%licenseURL">%license</license>
  <plugin id="org.wso2.carbon.identity.recovery" unpack="false" version="1.8.39"/>
  <plugin id="org.wso2.carbon.identity.user.export.core" unpack="false" version="1.8.39"/>
  <plugin id="org.wso2.carbon.identity.user.rename.core" unpack="false" version="1.8.39"/>
</feature>
